EmailAddress, FirstName, Id, LastName, TelephoneNumber
khanal.pashupati1@gmail.com, Pashupati1, 1, Khanal1, 9800000001
khanal.pashupati2@gmail.com, Pashupati2, 2, Khanal2, 9800000002
khanal.pashupati3@gmail.com, Pashupati3, 3, Khanal3, 9800000003
khanal.pashupati4@gmail.com, Pashupati4, 4, Khanal4, 9800000004
khanal.pashupati5@gmail.com, Pashupati5, 5, Khanal5, 9800000005
khanal.pashupati6@gmail.com, Pashupati6, 6, Khanal6, 9800000006
khanal.pashupati7@gmail.com, Pashupati7, 7, Khanal7, 9800000007
khanal.pashupati8@gmail.com, Pashupati8, 8, Khanal8, 9800000008
khanal.pashupati9@gmail.com, Pashupati9, 9, Khanal9, 9800000009
khanal.pashupati10@gmail.com, Pashupati10, 10, Khanal10, 98000000010
khanal.pashupati11@gmail.com, Pashupati11, 11, Khanal11, 98000000011
khanal.pashupati12@gmail.com, Pashupati12, 12, Khanal12, 98000000012
khanal.pashupati13@gmail.com, Pashupati13, 13, Khanal13, 98000000013
khanal.pashupati14@gmail.com, Pashupati14, 14, Khanal14, 98000000014
khanal.pashupati15@gmail.com, Pashupati15, 15, Khanal15, 98000000015
khanal.pashupati16@gmail.com, Pashupati16, 16, Khanal16, 98000000016
khanal.pashupati17@gmail.com, Pashupati17, 17, Khanal17, 98000000017
khanal.pashupati18@gmail.com, Pashupati18, 18, Khanal18, 98000000018
khanal.pashupati19@gmail.com, Pashupati19, 19, Khanal19, 98000000019
khanal.pashupati20@gmail.com, Pashupati20, 20, Khanal20, 98000000020
khanal.pashupati21@gmail.com, Pashupati21, 21, Khanal21, 98000000021
khanal.pashupati22@gmail.com, Pashupati22, 22, Khanal22, 98000000022
khanal.pashupati23@gmail.com, Pashupati23, 23, Khanal23, 98000000023
khanal.pashupati24@gmail.com, Pashupati24, 24, Khanal24, 98000000024
khanal.pashupati25@gmail.com, Pashupati25, 25, Khanal25, 98000000025
khanal.pashupati26@gmail.com, Pashupati26, 26, Khanal26, 98000000026
khanal.pashupati27@gmail.com, Pashupati27, 27, Khanal27, 98000000027
khanal.pashupati28@gmail.com, Pashupati28, 28, Khanal28, 98000000028
khanal.pashupati29@gmail.com, Pashupati29, 29, Khanal29, 98000000029
khanal.pashupati30@gmail.com, Pashupati30, 30, Khanal30, 98000000030
khanal.pashupati31@gmail.com, Pashupati31, 31, Khanal31, 98000000031
khanal.pashupati32@gmail.com, Pashupati32, 32, Khanal32, 98000000032
khanal.pashupati33@gmail.com, Pashupati33, 33, Khanal33, 98000000033
khanal.pashupati34@gmail.com, Pashupati34, 34, Khanal34, 98000000034
khanal.pashupati35@gmail.com, Pashupati35, 35, Khanal35, 98000000035
khanal.pashupati36@gmail.com, Pashupati36, 36, Khanal36, 98000000036
khanal.pashupati37@gmail.com, Pashupati37, 37, Khanal37, 98000000037
khanal.pashupati38@gmail.com, Pashupati38, 38, Khanal38, 98000000038
khanal.pashupati39@gmail.com, Pashupati39, 39, Khanal39, 98000000039
khanal.pashupati40@gmail.com, Pashupati40, 40, Khanal40, 98000000040
khanal.pashupati41@gmail.com, Pashupati41, 41, Khanal41, 98000000041
khanal.pashupati42@gmail.com, Pashupati42, 42, Khanal42, 98000000042
khanal.pashupati43@gmail.com, Pashupati43, 43, Khanal43, 98000000043
khanal.pashupati44@gmail.com, Pashupati44, 44, Khanal44, 98000000044
khanal.pashupati45@gmail.com, Pashupati45, 45, Khanal45, 98000000045
khanal.pashupati46@gmail.com, Pashupati46, 46, Khanal46, 98000000046
khanal.pashupati47@gmail.com, Pashupati47, 47, Khanal47, 98000000047
khanal.pashupati48@gmail.com, Pashupati48, 48, Khanal48, 98000000048
khanal.pashupati49@gmail.com, Pashupati49, 49, Khanal49, 98000000049
khanal.pashupati50@gmail.com, Pashupati50, 50, Khanal50, 98000000050
khanal.pashupati51@gmail.com, Pashupati51, 51, Khanal51, 98000000051
khanal.pashupati52@gmail.com, Pashupati52, 52, Khanal52, 98000000052
khanal.pashupati53@gmail.com, Pashupati53, 53, Khanal53, 98000000053
khanal.pashupati54@gmail.com, Pashupati54, 54, Khanal54, 98000000054
khanal.pashupati55@gmail.com, Pashupati55, 55, Khanal55, 98000000055
khanal.pashupati56@gmail.com, Pashupati56, 56, Khanal56, 98000000056
khanal.pashupati57@gmail.com, Pashupati57, 57, Khanal57, 98000000057
khanal.pashupati58@gmail.com, Pashupati58, 58, Khanal58, 98000000058
khanal.pashupati59@gmail.com, Pashupati59, 59, Khanal59, 98000000059
khanal.pashupati60@gmail.com, Pashupati60, 60, Khanal60, 98000000060
khanal.pashupati61@gmail.com, Pashupati61, 61, Khanal61, 98000000061
khanal.pashupati62@gmail.com, Pashupati62, 62, Khanal62, 98000000062
khanal.pashupati63@gmail.com, Pashupati63, 63, Khanal63, 98000000063
khanal.pashupati64@gmail.com, Pashupati64, 64, Khanal64, 98000000064
khanal.pashupati65@gmail.com, Pashupati65, 65, Khanal65, 98000000065
khanal.pashupati66@gmail.com, Pashupati66, 66, Khanal66, 98000000066
khanal.pashupati67@gmail.com, Pashupati67, 67, Khanal67, 98000000067
khanal.pashupati68@gmail.com, Pashupati68, 68, Khanal68, 98000000068
khanal.pashupati69@gmail.com, Pashupati69, 69, Khanal69, 98000000069
khanal.pashupati70@gmail.com, Pashupati70, 70, Khanal70, 98000000070
khanal.pashupati71@gmail.com, Pashupati71, 71, Khanal71, 98000000071
khanal.pashupati72@gmail.com, Pashupati72, 72, Khanal72, 98000000072
khanal.pashupati73@gmail.com, Pashupati73, 73, Khanal73, 98000000073
khanal.pashupati74@gmail.com, Pashupati74, 74, Khanal74, 98000000074
khanal.pashupati75@gmail.com, Pashupati75, 75, Khanal75, 98000000075
khanal.pashupati76@gmail.com, Pashupati76, 76, Khanal76, 98000000076
khanal.pashupati77@gmail.com, Pashupati77, 77, Khanal77, 98000000077
khanal.pashupati78@gmail.com, Pashupati78, 78, Khanal78, 98000000078
khanal.pashupati79@gmail.com, Pashupati79, 79, Khanal79, 98000000079
khanal.pashupati80@gmail.com, Pashupati80, 80, Khanal80, 98000000080
khanal.pashupati81@gmail.com, Pashupati81, 81, Khanal81, 98000000081
khanal.pashupati82@gmail.com, Pashupati82, 82, Khanal82, 98000000082
khanal.pashupati83@gmail.com, Pashupati83, 83, Khanal83, 98000000083
khanal.pashupati84@gmail.com, Pashupati84, 84, Khanal84, 98000000084
khanal.pashupati85@gmail.com, Pashupati85, 85, Khanal85, 98000000085
khanal.pashupati86@gmail.com, Pashupati86, 86, Khanal86, 98000000086
khanal.pashupati87@gmail.com, Pashupati87, 87, Khanal87, 98000000087
khanal.pashupati88@gmail.com, Pashupati88, 88, Khanal88, 98000000088
khanal.pashupati89@gmail.com, Pashupati89, 89, Khanal89, 98000000089
khanal.pashupati90@gmail.com, Pashupati90, 90, Khanal90, 98000000090
khanal.pashupati91@gmail.com, Pashupati91, 91, Khanal91, 98000000091
khanal.pashupati92@gmail.com, Pashupati92, 92, Khanal92, 98000000092
khanal.pashupati93@gmail.com, Pashupati93, 93, Khanal93, 98000000093
khanal.pashupati94@gmail.com, Pashupati94, 94, Khanal94, 98000000094
khanal.pashupati95@gmail.com, Pashupati95, 95, Khanal95, 98000000095
khanal.pashupati96@gmail.com, Pashupati96, 96, Khanal96, 98000000096
khanal.pashupati97@gmail.com, Pashupati97, 97, Khanal97, 98000000097
khanal.pashupati98@gmail.com, Pashupati98, 98, Khanal98, 98000000098
khanal.pashupati99@gmail.com, Pashupati99, 99, Khanal99, 98000000099
khanal.pashupati100@gmail.com, Pashupati100, 100, Khanal100, 980000000100
khanal.pashupati101@gmail.com, Pashupati101, 101, Khanal101, 980000000101
khanal.pashupati102@gmail.com, Pashupati102, 102, Khanal102, 980000000102
khanal.pashupati103@gmail.com, Pashupati103, 103, Khanal103, 980000000103
khanal.pashupati104@gmail.com, Pashupati104, 104, Khanal104, 980000000104
khanal.pashupati105@gmail.com, Pashupati105, 105, Khanal105, 980000000105
khanal.pashupati106@gmail.com, Pashupati106, 106, Khanal106, 980000000106
khanal.pashupati107@gmail.com, Pashupati107, 107, Khanal107, 980000000107
khanal.pashupati108@gmail.com, Pashupati108, 108, Khanal108, 980000000108
khanal.pashupati109@gmail.com, Pashupati109, 109, Khanal109, 980000000109
khanal.pashupati110@gmail.com, Pashupati110, 110, Khanal110, 980000000110
khanal.pashupati111@gmail.com, Pashupati111, 111, Khanal111, 980000000111
khanal.pashupati112@gmail.com, Pashupati112, 112, Khanal112, 980000000112
khanal.pashupati113@gmail.com, Pashupati113, 113, Khanal113, 980000000113
khanal.pashupati114@gmail.com, Pashupati114, 114, Khanal114, 980000000114
khanal.pashupati115@gmail.com, Pashupati115, 115, Khanal115, 980000000115
khanal.pashupati116@gmail.com, Pashupati116, 116, Khanal116, 980000000116
khanal.pashupati117@gmail.com, Pashupati117, 117, Khanal117, 980000000117
khanal.pashupati118@gmail.com, Pashupati118, 118, Khanal118, 980000000118
khanal.pashupati119@gmail.com, Pashupati119, 119, Khanal119, 980000000119
khanal.pashupati120@gmail.com, Pashupati120, 120, Khanal120, 980000000120
khanal.pashupati121@gmail.com, Pashupati121, 121, Khanal121, 980000000121
khanal.pashupati122@gmail.com, Pashupati122, 122, Khanal122, 980000000122
khanal.pashupati123@gmail.com, Pashupati123, 123, Khanal123, 980000000123
khanal.pashupati124@gmail.com, Pashupati124, 124, Khanal124, 980000000124
khanal.pashupati125@gmail.com, Pashupati125, 125, Khanal125, 980000000125
khanal.pashupati126@gmail.com, Pashupati126, 126, Khanal126, 980000000126
khanal.pashupati127@gmail.com, Pashupati127, 127, Khanal127, 980000000127
khanal.pashupati128@gmail.com, Pashupati128, 128, Khanal128, 980000000128
khanal.pashupati129@gmail.com, Pashupati129, 129, Khanal129, 980000000129
khanal.pashupati130@gmail.com, Pashupati130, 130, Khanal130, 980000000130
khanal.pashupati131@gmail.com, Pashupati131, 131, Khanal131, 980000000131
khanal.pashupati132@gmail.com, Pashupati132, 132, Khanal132, 980000000132
khanal.pashupati133@gmail.com, Pashupati133, 133, Khanal133, 980000000133
khanal.pashupati134@gmail.com, Pashupati134, 134, Khanal134, 980000000134
khanal.pashupati135@gmail.com, Pashupati135, 135, Khanal135, 980000000135
khanal.pashupati136@gmail.com, Pashupati136, 136, Khanal136, 980000000136
khanal.pashupati137@gmail.com, Pashupati137, 137, Khanal137, 980000000137
khanal.pashupati138@gmail.com, Pashupati138, 138, Khanal138, 980000000138
khanal.pashupati139@gmail.com, Pashupati139, 139, Khanal139, 980000000139
khanal.pashupati140@gmail.com, Pashupati140, 140, Khanal140, 980000000140
khanal.pashupati141@gmail.com, Pashupati141, 141, Khanal141, 980000000141
khanal.pashupati142@gmail.com, Pashupati142, 142, Khanal142, 980000000142
khanal.pashupati143@gmail.com, Pashupati143, 143, Khanal143, 980000000143
khanal.pashupati144@gmail.com, Pashupati144, 144, Khanal144, 980000000144
khanal.pashupati145@gmail.com, Pashupati145, 145, Khanal145, 980000000145
khanal.pashupati146@gmail.com, Pashupati146, 146, Khanal146, 980000000146
khanal.pashupati147@gmail.com, Pashupati147, 147, Khanal147, 980000000147
khanal.pashupati148@gmail.com, Pashupati148, 148, Khanal148, 980000000148
khanal.pashupati149@gmail.com, Pashupati149, 149, Khanal149, 980000000149
khanal.pashupati150@gmail.com, Pashupati150, 150, Khanal150, 980000000150
khanal.pashupati151@gmail.com, Pashupati151, 151, Khanal151, 980000000151
khanal.pashupati152@gmail.com, Pashupati152, 152, Khanal152, 980000000152
khanal.pashupati153@gmail.com, Pashupati153, 153, Khanal153, 980000000153
khanal.pashupati154@gmail.com, Pashupati154, 154, Khanal154, 980000000154
khanal.pashupati155@gmail.com, Pashupati155, 155, Khanal155, 980000000155
khanal.pashupati156@gmail.com, Pashupati156, 156, Khanal156, 980000000156
khanal.pashupati157@gmail.com, Pashupati157, 157, Khanal157, 980000000157
khanal.pashupati158@gmail.com, Pashupati158, 158, Khanal158, 980000000158
khanal.pashupati159@gmail.com, Pashupati159, 159, Khanal159, 980000000159
khanal.pashupati160@gmail.com, Pashupati160, 160, Khanal160, 980000000160
khanal.pashupati161@gmail.com, Pashupati161, 161, Khanal161, 980000000161
khanal.pashupati162@gmail.com, Pashupati162, 162, Khanal162, 980000000162
khanal.pashupati163@gmail.com, Pashupati163, 163, Khanal163, 980000000163
khanal.pashupati164@gmail.com, Pashupati164, 164, Khanal164, 980000000164
khanal.pashupati165@gmail.com, Pashupati165, 165, Khanal165, 980000000165
khanal.pashupati166@gmail.com, Pashupati166, 166, Khanal166, 980000000166
khanal.pashupati167@gmail.com, Pashupati167, 167, Khanal167, 980000000167
khanal.pashupati168@gmail.com, Pashupati168, 168, Khanal168, 980000000168
khanal.pashupati169@gmail.com, Pashupati169, 169, Khanal169, 980000000169
khanal.pashupati170@gmail.com, Pashupati170, 170, Khanal170, 980000000170
khanal.pashupati171@gmail.com, Pashupati171, 171, Khanal171, 980000000171
khanal.pashupati172@gmail.com, Pashupati172, 172, Khanal172, 980000000172
khanal.pashupati173@gmail.com, Pashupati173, 173, Khanal173, 980000000173
khanal.pashupati174@gmail.com, Pashupati174, 174, Khanal174, 980000000174
khanal.pashupati175@gmail.com, Pashupati175, 175, Khanal175, 980000000175
khanal.pashupati176@gmail.com, Pashupati176, 176, Khanal176, 980000000176
khanal.pashupati177@gmail.com, Pashupati177, 177, Khanal177, 980000000177
khanal.pashupati178@gmail.com, Pashupati178, 178, Khanal178, 980000000178
khanal.pashupati179@gmail.com, Pashupati179, 179, Khanal179, 980000000179
khanal.pashupati180@gmail.com, Pashupati180, 180, Khanal180, 980000000180
khanal.pashupati181@gmail.com, Pashupati181, 181, Khanal181, 980000000181
khanal.pashupati182@gmail.com, Pashupati182, 182, Khanal182, 980000000182
khanal.pashupati183@gmail.com, Pashupati183, 183, Khanal183, 980000000183
khanal.pashupati184@gmail.com, Pashupati184, 184, Khanal184, 980000000184
khanal.pashupati185@gmail.com, Pashupati185, 185, Khanal185, 980000000185
khanal.pashupati186@gmail.com, Pashupati186, 186, Khanal186, 980000000186
khanal.pashupati187@gmail.com, Pashupati187, 187, Khanal187, 980000000187
khanal.pashupati188@gmail.com, Pashupati188, 188, Khanal188, 980000000188
khanal.pashupati189@gmail.com, Pashupati189, 189, Khanal189, 980000000189
khanal.pashupati190@gmail.com, Pashupati190, 190, Khanal190, 980000000190
khanal.pashupati191@gmail.com, Pashupati191, 191, Khanal191, 980000000191
khanal.pashupati192@gmail.com, Pashupati192, 192, Khanal192, 980000000192
khanal.pashupati193@gmail.com, Pashupati193, 193, Khanal193, 980000000193
khanal.pashupati194@gmail.com, Pashupati194, 194, Khanal194, 980000000194
khanal.pashupati195@gmail.com, Pashupati195, 195, Khanal195, 980000000195
khanal.pashupati196@gmail.com, Pashupati196, 196, Khanal196, 980000000196
khanal.pashupati197@gmail.com, Pashupati197, 197, Khanal197, 980000000197
khanal.pashupati198@gmail.com, Pashupati198, 198, Khanal198, 980000000198
khanal.pashupati199@gmail.com, Pashupati199, 199, Khanal199, 980000000199
khanal.pashupati200@gmail.com, Pashupati200, 200, Khanal200, 980000000200
khanal.pashupati201@gmail.com, Pashupati201, 201, Khanal201, 980000000201
khanal.pashupati202@gmail.com, Pashupati202, 202, Khanal202, 980000000202
khanal.pashupati203@gmail.com, Pashupati203, 203, Khanal203, 980000000203
khanal.pashupati204@gmail.com, Pashupati204, 204, Khanal204, 980000000204
khanal.pashupati205@gmail.com, Pashupati205, 205, Khanal205, 980000000205
khanal.pashupati206@gmail.com, Pashupati206, 206, Khanal206, 980000000206
khanal.pashupati207@gmail.com, Pashupati207, 207, Khanal207, 980000000207
khanal.pashupati208@gmail.com, Pashupati208, 208, Khanal208, 980000000208
khanal.pashupati209@gmail.com, Pashupati209, 209, Khanal209, 980000000209
khanal.pashupati210@gmail.com, Pashupati210, 210, Khanal210, 980000000210
khanal.pashupati211@gmail.com, Pashupati211, 211, Khanal211, 980000000211
khanal.pashupati212@gmail.com, Pashupati212, 212, Khanal212, 980000000212
khanal.pashupati213@gmail.com, Pashupati213, 213, Khanal213, 980000000213
khanal.pashupati214@gmail.com, Pashupati214, 214, Khanal214, 980000000214
khanal.pashupati215@gmail.com, Pashupati215, 215, Khanal215, 980000000215
khanal.pashupati216@gmail.com, Pashupati216, 216, Khanal216, 980000000216
khanal.pashupati217@gmail.com, Pashupati217, 217, Khanal217, 980000000217
khanal.pashupati218@gmail.com, Pashupati218, 218, Khanal218, 980000000218
khanal.pashupati219@gmail.com, Pashupati219, 219, Khanal219, 980000000219
khanal.pashupati220@gmail.com, Pashupati220, 220, Khanal220, 980000000220
khanal.pashupati221@gmail.com, Pashupati221, 221, Khanal221, 980000000221
khanal.pashupati222@gmail.com, Pashupati222, 222, Khanal222, 980000000222
khanal.pashupati223@gmail.com, Pashupati223, 223, Khanal223, 980000000223
khanal.pashupati224@gmail.com, Pashupati224, 224, Khanal224, 980000000224
khanal.pashupati225@gmail.com, Pashupati225, 225, Khanal225, 980000000225
khanal.pashupati226@gmail.com, Pashupati226, 226, Khanal226, 980000000226
khanal.pashupati227@gmail.com, Pashupati227, 227, Khanal227, 980000000227
khanal.pashupati228@gmail.com, Pashupati228, 228, Khanal228, 980000000228
khanal.pashupati229@gmail.com, Pashupati229, 229, Khanal229, 980000000229
khanal.pashupati230@gmail.com, Pashupati230, 230, Khanal230, 980000000230
khanal.pashupati231@gmail.com, Pashupati231, 231, Khanal231, 980000000231
khanal.pashupati232@gmail.com, Pashupati232, 232, Khanal232, 980000000232
khanal.pashupati233@gmail.com, Pashupati233, 233, Khanal233, 980000000233
khanal.pashupati234@gmail.com, Pashupati234, 234, Khanal234, 980000000234
khanal.pashupati235@gmail.com, Pashupati235, 235, Khanal235, 980000000235
khanal.pashupati236@gmail.com, Pashupati236, 236, Khanal236, 980000000236
khanal.pashupati237@gmail.com, Pashupati237, 237, Khanal237, 980000000237
khanal.pashupati238@gmail.com, Pashupati238, 238, Khanal238, 980000000238
khanal.pashupati239@gmail.com, Pashupati239, 239, Khanal239, 980000000239
khanal.pashupati240@gmail.com, Pashupati240, 240, Khanal240, 980000000240
khanal.pashupati241@gmail.com, Pashupati241, 241, Khanal241, 980000000241
khanal.pashupati242@gmail.com, Pashupati242, 242, Khanal242, 980000000242
khanal.pashupati243@gmail.com, Pashupati243, 243, Khanal243, 980000000243
khanal.pashupati244@gmail.com, Pashupati244, 244, Khanal244, 980000000244
khanal.pashupati245@gmail.com, Pashupati245, 245, Khanal245, 980000000245
khanal.pashupati246@gmail.com, Pashupati246, 246, Khanal246, 980000000246
khanal.pashupati247@gmail.com, Pashupati247, 247, Khanal247, 980000000247
khanal.pashupati248@gmail.com, Pashupati248, 248, Khanal248, 980000000248
khanal.pashupati249@gmail.com, Pashupati249, 249, Khanal249, 980000000249
khanal.pashupati250@gmail.com, Pashupati250, 250, Khanal250, 980000000250
khanal.pashupati251@gmail.com, Pashupati251, 251, Khanal251, 980000000251
khanal.pashupati252@gmail.com, Pashupati252, 252, Khanal252, 980000000252
khanal.pashupati253@gmail.com, Pashupati253, 253, Khanal253, 980000000253
khanal.pashupati254@gmail.com, Pashupati254, 254, Khanal254, 980000000254
khanal.pashupati255@gmail.com, Pashupati255, 255, Khanal255, 980000000255
khanal.pashupati256@gmail.com, Pashupati256, 256, Khanal256, 980000000256
khanal.pashupati257@gmail.com, Pashupati257, 257, Khanal257, 980000000257
khanal.pashupati258@gmail.com, Pashupati258, 258, Khanal258, 980000000258
khanal.pashupati259@gmail.com, Pashupati259, 259, Khanal259, 980000000259
khanal.pashupati260@gmail.com, Pashupati260, 260, Khanal260, 980000000260
khanal.pashupati261@gmail.com, Pashupati261, 261, Khanal261, 980000000261
khanal.pashupati262@gmail.com, Pashupati262, 262, Khanal262, 980000000262
khanal.pashupati263@gmail.com, Pashupati263, 263, Khanal263, 980000000263
khanal.pashupati264@gmail.com, Pashupati264, 264, Khanal264, 980000000264
khanal.pashupati265@gmail.com, Pashupati265, 265, Khanal265, 980000000265
khanal.pashupati266@gmail.com, Pashupati266, 266, Khanal266, 980000000266
khanal.pashupati267@gmail.com, Pashupati267, 267, Khanal267, 980000000267
khanal.pashupati268@gmail.com, Pashupati268, 268, Khanal268, 980000000268
khanal.pashupati269@gmail.com, Pashupati269, 269, Khanal269, 980000000269
khanal.pashupati270@gmail.com, Pashupati270, 270, Khanal270, 980000000270
khanal.pashupati271@gmail.com, Pashupati271, 271, Khanal271, 980000000271
khanal.pashupati272@gmail.com, Pashupati272, 272, Khanal272, 980000000272
khanal.pashupati273@gmail.com, Pashupati273, 273, Khanal273, 980000000273
khanal.pashupati274@gmail.com, Pashupati274, 274, Khanal274, 980000000274
khanal.pashupati275@gmail.com, Pashupati275, 275, Khanal275, 980000000275
khanal.pashupati276@gmail.com, Pashupati276, 276, Khanal276, 980000000276
khanal.pashupati277@gmail.com, Pashupati277, 277, Khanal277, 980000000277
khanal.pashupati278@gmail.com, Pashupati278, 278, Khanal278, 980000000278
khanal.pashupati279@gmail.com, Pashupati279, 279, Khanal279, 980000000279
khanal.pashupati280@gmail.com, Pashupati280, 280, Khanal280, 980000000280
khanal.pashupati281@gmail.com, Pashupati281, 281, Khanal281, 980000000281
khanal.pashupati282@gmail.com, Pashupati282, 282, Khanal282, 980000000282
khanal.pashupati283@gmail.com, Pashupati283, 283, Khanal283, 980000000283
khanal.pashupati284@gmail.com, Pashupati284, 284, Khanal284, 980000000284
khanal.pashupati285@gmail.com, Pashupati285, 285, Khanal285, 980000000285
khanal.pashupati286@gmail.com, Pashupati286, 286, Khanal286, 980000000286
khanal.pashupati287@gmail.com, Pashupati287, 287, Khanal287, 980000000287
khanal.pashupati288@gmail.com, Pashupati288, 288, Khanal288, 980000000288
khanal.pashupati289@gmail.com, Pashupati289, 289, Khanal289, 980000000289
khanal.pashupati290@gmail.com, Pashupati290, 290, Khanal290, 980000000290
khanal.pashupati291@gmail.com, Pashupati291, 291, Khanal291, 980000000291
khanal.pashupati292@gmail.com, Pashupati292, 292, Khanal292, 980000000292
khanal.pashupati293@gmail.com, Pashupati293, 293, Khanal293, 980000000293
khanal.pashupati294@gmail.com, Pashupati294, 294, Khanal294, 980000000294
khanal.pashupati295@gmail.com, Pashupati295, 295, Khanal295, 980000000295
khanal.pashupati296@gmail.com, Pashupati296, 296, Khanal296, 980000000296
khanal.pashupati297@gmail.com, Pashupati297, 297, Khanal297, 980000000297
khanal.pashupati298@gmail.com, Pashupati298, 298, Khanal298, 980000000298
khanal.pashupati299@gmail.com, Pashupati299, 299, Khanal299, 980000000299
